KIR2DL1	1	KIR2DL1*003	53.409670	31	.	0	-1
KIR2DL2	0	.	0	-1	.	0	-1
KIR2DL3	1	KIR2DL3*001	52.890161	29	.	0	-1
KIR2DL4	1	KIR2DL4*001	54.187192	42	.	0	-1
KIR2DL5A	2	KIR2DL5A*001	1.907102	0	KIR2DL5A*029	1.248787	0
KIR2DL5B	1	KIR2DL5B*002	0.035950	0	.	0	-1
KIR2DP1	1	KIR2DP1*002	51.585364	27	.	0	-1
KIR2DS1	1	KIR2DS1*011	0.034538	0	.	0	-1
KIR2DS2	1	KIR2DS2*001	0.464802	0	.	0	-1
KIR2DS3	1	KIR2DS3*001,KIR2DS3*002,KIR2DS3*003,KIR2DS3*009,KIR2DS3*010,KIR2DS3*011,KIR2DS3*012,KIR2DS3*013,KIR2DS3*014,KIR2DS3*015,KIR2DS3*016,KIR2DS3*017,KIR2DS3*018,KIR2DS3*019,KIR2DS3*020,KIR2DS3*021,KIR2DS3*022,KIR2DS3*023,KIR2DS3*024	4.120489	0	.	0	-1
KIR2DS4	1	KIR2DS4*001	47.556727	28	.	0	-1
KIR2DS5	1	KIR2DS5*007	0.150520	0	.	0	-1
KIR3DL1	1	KIR3DL1*015	50.688071	30	.	0	-1
KIR3DL2	1	KIR3DL2*002	52.469136	33	.	0	-1
KIR3DL3	1	KIR3DL3*008	46.562594	30	.	0	-1
KIR3DP1	1	KIR3DP1*003	56.590787	39	.	0	-1
KIR3DS1	0	.	0	-1	.	0	-1
